2.7203965339589086E-8i,1.1091269999428813E-5,1.1392142999647492E-5,1.1693015999877641E-5,1.1993889000095976E-5,1.2294762000255632E-5,1.2595635000349116E-5,1.2896508000385305E-5,1.319738100035356E-5,1.3498254000260962E-5,1.3799127000136008E-5,1.4099999999999995E-5,9.424491359868436E-6,9.725364360077202E-6,1.0026237360285373E-5,1.032711036047446E-5,1.062798336061582E-5,1.0928856360701169E-5,1.1229729360728516E-5,1.1530602360693403E-5,1.183147536060556E-5,1.2132348360486936E-5,1.2433221360353663E-5,7.757712720316095E-6,8.05858572051011E-6,8.359458720697367E-6,8.660331720863413E-6,8.961204720987995E-6,9.262077721061651E-6,9.562950721080916E-6,9.863823721045683E-6,1.0164696720964883E-5,1.0465569720857151E-5,1.0766442720739084E-5,6.090934080774461E-6,6.391807080950344E-6,6.6926800811161455E-6,6.99355308125971E-6,7.29442608136517E-6,7.59529908142423E-6,7.8961720814367E-6,8.197045081405993E-6,8.497918081338915E-6,8.798791081251029E-6,9.099664081155802E-6,4.424155441254076E-6,4.725028441403432E-6,5.02590144154289E-6,5.3267744416615415E-6,5.62764744174709E-6,5.9285204417933785E-6,6.229393441801953E-6,6.530266441777048E-6,6.831139441725287E-6,7.132012441656514E-6,7.432885441579534E-6,2.757376801750735E-6,3.0582498018690244E-6,3.3591228019789E-6,3.6599958020712163E-6,3.960868802137222E-6,4.261741802172559E-6,4.562614802178813E-6,4.863487802159663E-6,5.1643608021199364E-6,5.4652338020667515E-6,5.7661068020075975E-6,1.0905981622607514E-6,1.3914711623474164E-6,1.6923441624275367E-6,1.9932171624939164E-6,2.2940901625399927E-6,2.5949631625642304E-6,2.8958361625676154E-6,3.1967091625519693E-6,3.4975821625212447E-6,3.798455162480787E-6,4.0993281624361705E-6,-5.761804772218035E-7,-2.7530747716455553E-7,2.5565522887612213E-8,3.264385229292777E-7,6.273115229562712E-7,9.281845229682548E-7,1.2290575229665972E-6,1.5299305229512599E-6,1.8308035229256255E-6,2.1316765228934745E-6,2.4325495228587333E-6,-2.2429591167032943E-6,-1.9420861166717747E-6,-1.6412131166442145E-6,-1.3403401166244796E-6,-1.039467116615789E-6,-7.385941166173803E-7,-4.3772111662759726E-7,-1.3684811664561995E-7,1.6402488333050867E-7,4.648978833029025E-7,7.65770883273929E-7,-3.909737756189779E-6,-3.608864756178109E-6,-3.3079917561704375E-6,-3.0071187561697334E-6,-2.7062457561785253E-6,-2.4053727561949782E-6,-2.104499756215725E-6,-1.80362675623919E-6,-1.5027537562639418E-6,-1.2018807562895128E-6,-9.010077563151387E-7,-5.5765163956855505E-6,-5.275643395685331E-6,-4.974770395693851E-6,-4.673897395709541E-6,-4.373024395735465E-6,-4.072151395767705E-6,-3.771278395800267E-6,-3.47040539583062E-6,-3.1695323958577587E-6,-2.8686593958822788E-6,-2.5677863959060416E-6
3.660061138319632E-8i,-7.316383426938125E-6,-6.399149850403805E-6,-5.481916273884137E-6,-4.564682697375713E-6,-3.647449120862682E-6,-2.730215544344244E-6,-1.8129819678249779E-6,-8.957483913026048E-7,2.1485185225503037E-8,9.387187617602376E-7,1.8559523383008631E-6,-6.091978660982643E-6,-5.174745084438161E-6,-4.257511507899411E-6,-3.340277931365017E-6,-2.4230443548279045E-6,-1.5058107782876248E-6,-5.885772017463955E-7,3.286563747962441E-7,1.245889951340949E-6,2.163123527887882E-6,3.080357104435461E-6,-4.867573895036076E-6,-3.950340318474575E-6,-3.033106741914209E-6,-2.1158731653547818E-6,-1.198639588793263E-6,-2.81406012229525E-7,6.358275643344825E-7,1.553061140898229E-6,2.4702947174613544E-6,3.387528294024178E-6,4.304761870586245E-6,-3.6431691291004393E-6,-2.7259355525163456E-6,-1.808701975931031E-6,-8.914683993447656E-7,2.57651772428874E-8,9.429987538320189E-7,1.8602323304202947E-6,2.77746590700674E-6,3.694699483591215E-6,4.611933060174587E-6,5.52916663675628E-6,-2.4187643631786956E-6,-1.5015307865647656E-6,-5.842972099501714E-7,3.329363666654793E-7,1.2501699432819447E-6,2.167403519898538E-6,3.084637096513167E-6,4.0018706731245185E-6,4.919104249732463E-6,5.836337826337644E-6,6.75357140293858E-6,-1.1943595972627033E-6,-2.771260206155802E-7,6.401075560311961E-7,1.5573411326782394E-6,2.474574709325692E-6,3.391808285971309E-6,4.309041862614321E-6,5.226275439252629E-6,6.1435090158845945E-6,7.060742592510896E-6,7.977976169133572E-6,3.004516865524387E-8,9.472787453361556E-7,1.8645123220163208E-6,2.7817458986958967E-6,3.6989794753742685E-6,4.61621305205115E-6,5.533446628725139E-6,6.450680205390744E-6,7.367913782045494E-6,8.285147358691226E-6,9.202380935332827E-6,1.254449934580733E-6,2.1716835112946242E-6,3.0889170880069066E-6,4.006150664718226E-6,4.923384241428703E-6,5.840617818138082E-6,6.757851394843089E-6,7.67508497153359E-6,8.592318548206922E-6,9.509552124865646E-6,1.0426785701518183E-5,2.478854700518298E-6,3.396088277262131E-6,4.313321854004663E-6,5.230555430746522E-6,6.147789007489553E-6,7.065022584232094E-6,7.982256160964464E-6,8.89948973767784E-6,9.816723314364552E-6,1.0733956891028991E-5,1.165119046768279E-5,3.7032594664728543E-6,4.6204930432398724E-6,5.537726620008155E-6,6.4549601967793585E-6,7.372193773555868E-6,8.289427350331591E-6,9.206660927091843E-6,1.0123894503824352E-5,1.1041128080521432E-5,1.1958361657189364E-5,1.2875595233840024E-5,4.92766423244355E-6,5.844897809224458E-6,6.762131386015007E-6,7.679364962813308E-6,8.596598539623658E-6,9.513832116434497E-6,1.0431065693224498E-5,1.1348299269976998E-5,1.2265532846683947E-5,1.3182766423352494E-5,1.4099999999999994E-5
5.823313117238698E-8i,-2.675840347007953E-7,-2.9798615467787063E-7,-3.283882746629141E-7,-3.587903946514907E-7,-3.891925146401804E-7,-4.1959463463018795E-7,-4.499967546179588E-7,-4.803988746058745E-7,-5.108009945962891E-7,-5.412031145888296E-7,-5.716052345835696E-7,1.0341387180490969E-7,7.301175183549276E-8,4.260963186121915E-8,1.2207511881033729E-8,-1.8194608100203428E-8,-4.859672808189217E-8,-7.89988480639535E-8,-1.0940096804649728E-7,-1.3980308803217185E-7,-1.7020520802219938E-7,-2.006073280153908E-7,4.7441177830810867E-7,4.440096583492427E-7,4.1360753838552697E-7,3.8320541841550926E-7,3.528032984430889E-7,3.224011784701059E-7,2.919990584947592E-7,2.6159693851781736E-7,2.3119481853556628E-7,2.0079269854830995E-7,1.7039057855616756E-7,8.454096848136685E-7,8.150075648655587E-7,7.846054449122436E-7,7.542033249530109E-7,7.238012049916085E-7,6.933990850308547E-7,6.629969650599096E-7,6.325948450881974E-7,6.021927251094012E-7,5.717906051252064E-7,5.41388485136394E-7,1.2164075913245515E-6,1.1860054713863654E-6,1.1556033514451185E-6,1.1252012314980765E-6,1.0947991115477024E-6,1.064396991596645E-6,1.0339948716353862E-6,1.003592751667789E-6,9.731906316924573E-7,9.427885117112057E-7,9.123863917250517E-7,1.5874054978417254E-6,1.557003377915106E-6,1.52660125798598E-6,1.496199138051625E-6,1.465797018110214E-6,1.4353948981697003E-6,1.4049927782204003E-6,1.374590658258302E-6,1.3441885382853962E-6,1.313786418306161E-6,1.2833842983224964E-6,1.95840340437149E-6,1.928001284456585E-6,1.8975991645383337E-6,1.8671970446165972E-6,1.8367949246897666E-6,1.8063928047610023E-6,1.775990684819538E-6,1.745588564861197E-6,1.7151864448910976E-6,1.6847843249124873E-6,1.6543822049282528E-6,2.329401310918212E-6,2.298999191014945E-6,2.268597071109077E-6,2.2381949512007193E-6,2.2077928312908463E-6,2.177390711371527E-6,2.1469885914317104E-6,2.1165864714770883E-6,2.086184351508018E-6,2.05578223152803E-6,2.025380111541268E-6,2.700399217479469E-6,2.6699970975849053E-6,2.6395949776912746E-6,2.6091928577979772E-6,2.5787907379031836E-6,2.5483886179912036E-6,2.5179864980559815E-6,2.487584378102624E-6,2.4571822581337022E-6,2.4267801381518306E-6,2.3963780181622192E-6,3.071397124037535E-6,3.0409950041536504E-6,3.0105928842731686E-6,2.980190764394689E-6,2.949788644511978E-6,2.919386524610797E-6,2.8889844046844475E-6,2.858582284736152E-6,2.828180164768226E-6,2.7977780447843505E-6,2.7673759247917648E-6,3.4423950305980487E-6,3.411992910722974E-6,3.3815907908551206E-6,3.3511886709900544E-6,3.3207865511215976E-6,3.2903844312337657E-6,3.259982311318104E-6,3.2295801913757677E-6,3.19917807140941E-6,3.1687759514221372E-6,3.138373831426405E-6
7.592696089693559E-8i,-1.2795744339728052E-6,-1.0650185461632433E-6,-8.504626583610663E-7,-6.359067705691542E-7,-4.2135088279161033E-7,-2.0679499501884368E-7,7.760892758431148E-9,2.2231678054314282E-7,4.3687266833564677E-7,6.514285561373177E-7,8.659844439481545E-7,-8.903128259570872E-7,-6.757569381443292E-7,-4.6120105033387135E-7,-2.4664516252936624E-7,-3.208927473638233E-8,1.8246661305168176E-7,3.9702250084599994E-7,6.115783886443117E-7,8.26134276447745E-7,1.0406901642583668E-6,1.2552460520737571E-6,-5.01051217951701E-7,-2.8649533013020096E-7,-7.193944230839975E-8,1.4261644551029006E-7,3.5717233331810085E-7,5.717282211185567E-7,7.862841089284678E-7,1.0008399967431783E-6,1.2153958845611614E-6,1.4299517723823073E-6,1.644507660207453E-6,-1.11789609959355E-7,1.0276627787599447E-7,3.1732216571190483E-7,5.318780535453617E-7,7.464339413708827E-7,9.609898291799596E-7,1.1755457170096523E-6,1.3901016048462225E-6,1.6046574926825648E-6,1.8192133805150699E-6,2.0337692683464697E-6,2.7747199801923723E-7,4.920278858725638E-7,7.065837737260668E-7,9.211396615772845E-7,1.1356955494192E-6,1.350251437248548E-6,1.5648073250979096E-6,1.7793632129578363E-6,1.993919100813115E-6,2.2084749886547264E-6,2.423030876492588E-6,6.667336059844651E-7,8.812894938614221E-7,1.0958453817370192E-6,1.3104012696091357E-6,1.5249571574707846E-6,1.739513045335447E-6,1.954068933208278E-6,2.1686248210829813E-6,2.383180708948348E-6,2.597736596800387E-6,2.8122924846469273E-6,1.0559952139464041E-6,1.2705511018506766E-6,1.4851069897517733E-6,1.6996628776481908E-6,1.9142187655414294E-6,2.128774653440173E-6,2.3433305413304257E-6,2.5578864292093416E-6,2.7724423170812313E-6,2.9869982049466815E-6,3.2015540928079385E-6,1.445256821916239E-6,1.6598127098485826E-6,1.8743685977788543E-6,2.0889244857091112E-6,2.303480373639349E-6,2.5180362615618336E-6,2.732592149455687E-6,2.947148037344185E-6,3.1617039252230724E-6,3.376259813098646E-6,3.5908157009722034E-6,1.834518429903803E-6,2.0490743178604088E-6,2.263630205817944E-6,2.4781860937787868E-6,2.6927419817392736E-6,2.9072978696785834E-6,3.121853757590594E-6,3.3364096454878153E-6,3.550965533375128E-6,3.765521421256983E-6,3.98007730913703E-6,2.2237800379046847E-6,2.438335925879953E-6,2.652891813860069E-6,2.867447701845608E-6,3.0820035898276296E-6,3.296559477788824E-6,3.511115365722717E-6,3.7256712536367545E-6,3.940227141535351E-6,4.154783029421596E-6,4.369338917301933E-6,2.6130416459156087E-6,2.827597533903525E-6,3.0421534219027357E-6,3.2567093099101952E-6,3.471265197915575E-6,3.6858210859005088E-6,3.900376973857121E-6,4.114932861789452E-6,4.329488749701219E-6,4.544044637589855E-6,4.758600525468791E-6
4.73950881919368E-8,9.633615052026325E-6,7.77843566287134E-6,5.923256273710055E-6,4.0680768845234304E-6,2.2128974952885667E-6,3.5771810600726353E-7,-1.4974612833075065E-6,-3.352640672640001E-6,-5.2078200619769985E-6,-7.062999451312975E-6,-8.91817884064615E-6,1.0080253546804007E-5,8.225074157652192E-6,6.3698947684907974E-6,4.514715379301845E-6,2.6595359900691865E-6,8.043566007928771E-7,-1.0508227885166488E-6,-2.9060021778448806E-6,-4.761181567179462E-6,-6.616360956514141E-6,-8.471540345846574E-6,1.0526892041576245E-5,8.671712652432913E-6,6.81653326327679E-6,4.961353874090892E-6,3.106174484861559E-6,1.2509950955883182E-6,-6.041842937190535E-7,-2.4593636830467263E-6,-4.31454307238258E-6,-6.169722461720844E-6,-8.02490185106086E-6,1.0973530536344974E-5,9.118351147214728E-6,7.2631717580680045E-6,5.407992368887942E-6,3.5528129796624787E-6,1.6976335903913387E-6,-1.5754579891452811E-7,-2.01272518824371E-6,-3.867904577584508E-6,-5.723083966931456E-6,-7.578263356283083E-6,1.14201690311287E-5,9.564989642004696E-6,7.709810252864438E-6,5.8546308636903146E-6,3.999451474469665E-6,2.1442720852020527E-6,2.890926958975246E-7,-1.5660866934332328E-6,-3.4212660827798164E-6,-5.2764454721344485E-6,-7.13162486149358E-6,1.1866807525925075E-5,1.0011628136803769E-5,8.156448747668398E-6,6.301269358500061E-6,4.446089969285271E-6,2.5909105800221502E-6,7.357311907196512E-7,-1.1194481986118176E-6,-2.974627587962138E-6,-4.829806977322933E-6,-6.684986366690161E-6,1.2313446020734332E-5,1.0458266631616023E-5,8.603087242486014E-6,6.747907853323196E-6,4.8927284641125085E-6,3.0375490748541303E-6,1.1823696855547635E-6,-6.728097037763147E-7,-2.5279890931293846E-6,-4.383168482495376E-6,-6.238347871868834E-6,1.2760084515544428E-5,1.0904905126438014E-5,9.04972573731556E-6,7.194546348158036E-6,5.33936695895324E-6,3.4841875697000504E-6,1.629008180404236E-6,-2.2617120892606068E-7,-2.0813505982799374E-6,-3.9365299876477955E-6,-5.791709377022987E-6,1.3206723010355764E-5,1.1351543621264205E-5,9.496364232153432E-6,7.64118484300301E-6,5.786005453805584E-6,3.930826064559305E-6,2.0756466752669277E-6,2.2046728593833303E-7,-1.6347121034149843E-6,-3.489891492781645E-6,-5.345070882154072E-6,1.365336150517159E-5,1.1798182116094106E-5,9.943002726995692E-6,8.087823337855917E-6,6.232643948668293E-6,4.377464559429924E-6,2.522285170142011E-6,6.671057808146648E-7,-1.1880736085386938E-6,-3.04325299790434E-6,-4.898432387273233E-6,1.4099999999999977E-5,1.2244820610931773E-5,1.0389641221848087E-5,8.534461832719958E-6,6.679282443543661E-6,4.824103054313687E-6,2.968923665029013E-6,1.1137442757005805E-6,-7.414351136553909E-7,-2.5966145030221915E-6,-4.4517938923898E-6
9.064257877915987E-8,9.640776996463921E-7,5.006042058943711E-7,3.713071214163981E-8,-4.2634278160642235E-7,-8.898162753445799E-7,-1.3532897690667043E-6,-1.8167632627661306E-6,-2.2802367564455615E-6,-2.7437102501093187E-6,-3.2071837437604314E-6,-3.670657237403173E-6,1.2860094400767981E-6,8.225359463276489E-7,3.590624525805721E-7,-1.044110411608661E-7,-5.678845348901785E-7,-1.0313580286019958E-6,-1.4948315222914213E-6,-1.9583050159633636E-6,-2.42177850962152E-6,-2.8852520032687616E-6,-3.348725496907446E-6,1.607941180502537E-6,1.1444676867560416E-6,6.809941930130243E-7,2.175206992773837E-7,-2.4595279444363893E-7,-7.094262881454905E-7,-1.1728997818240512E-6,-1.6363732754874756E-6,-2.099846769141252E-6,-2.563320262786475E-6,-3.0267937564220344E-6,1.929872920921806E-6,1.466399427176337E-6,1.0029259334350252E-6,5.394524397028018E-7,7.59789459893758E-8,-3.874945476996612E-7,-8.509680413712577E-7,-1.3144415350244454E-6,-1.777915028672635E-6,-2.241388522318921E-6,-2.7048620159575645E-6,2.251804661337173E-6,1.788331167588391E-6,1.324857673845269E-6,8.613841801122572E-7,3.979106864018151E-7,-6.556280727872901E-8,-5.290363009419417E-7,-9.925097945886256E-7,-1.4559832882296523E-6,-1.9194567818773985E-6,-2.3829302755161166E-6,2.573736401750333E-6,2.110262907993055E-6,1.6467894142424625E-6,1.1833159205032952E-6,7.198424267873004E-7,2.5636893310763884E-7,-2.0710456054757251E-7,-6.705780541902334E-7,-1.134051547829438E-6,-1.5975250414691799E-6,-2.060998535104813E-6,2.8956681421626925E-6,2.432194648392587E-6,1.9687211546273975E-6,1.505247660875015E-6,1.0417741671480797E-6,5.783006734663003E-7,1.1482717981582064E-7,-3.486463138242834E-7,-8.121198074582266E-7,-1.2755933010886457E-6,-1.7390667947143669E-6,3.2175998825707855E-6,2.7541263887899425E-6,2.2906528950102036E-6,1.8271794012379506E-6,1.3637059074943844E-6,9.002324138068102E-7,4.3675892016266193E-7,-2.6714573474091683E-8,-4.901880671036019E-7,-9.536615607235704E-7,-1.4171350543370599E-6,3.5395316229680997E-6,3.0760581291798926E-6,2.612584635389603E-6,2.149111141603698E-6,1.6856376478472963E-6,1.2221641541516931E-6,7.586906605032874E-7,2.9521716687249757E-7,-1.6825632675104893E-7,-6.31729820364871E-7,-1.0952033139712221E-6,3.861463363358347E-6,3.3979898695653444E-6,2.934516375766974E-6,2.4710428819720217E-6,2.007569388211935E-6,1.544095894506958E-6,1.0806224008478571E-6,6.171489072148024E-7,1.536754135954106E-7,-3.097980800131355E-7,-7.73271573615476E-7,4.183395103749997E-6,3.7199216099509297E-6,3.256448116143131E-6,2.7929746223347684E-6,2.32950112856677E-6,1.866027634853082E-6,1.4025541411873403E-6,9.390806475529725E-7,4.756071539380187E-7,1.213366033512372E-8,-4.513398332637194E-7
0.006457348543467471,1.4099884692258538E-5,1.1826131739763622E-5,9.29039923939937E-6,6.427091900022482E-6,3.2899614515107442E-6,-1.3237649199713947E-11,-3.2907851354982505E-6,-6.4275901205917404E-6,-9.289997911443927E-6,-1.1825635703166122E-5,-1.409865498528231E-5,1.1826503158561465E-5,9.773297200998649E-6,7.604260010559329E-6,5.230831810044231E-6,2.6695519307716184E-6,-2.5025888718087427E-10,-2.6700013821464363E-6,-5.231101176572071E-6,-7.604227034087277E-6,-9.772950362583542E-6,-1.1825963842013988E-5,9.290809079329991E-6,7.604544328164844E-6,5.874252418091405E-6,4.022028317122388E-6,2.047475006245286E-6,-1.1427461138413573E-10,-2.0476658698201812E-6,-4.022131104838847E-6,-5.8742569338019346E-6,-7.6043356674296025E-6,-9.290306432965956E-6,6.42785876362024E-6,5.231317720822689E-6,4.0222099820149554E-6,2.7450557674805344E-6,1.394851503552645E-6,-3.6489532115786806E-11,-1.3949261284365134E-6,-2.7450691537070654E-6,-4.0221529792357835E-6,-5.231114307366904E-6,-6.427641467473649E-6,3.2908002896691077E-6,2.670121396666976E-6,2.0477616300752848E-6,1.3949774103681084E-6,7.080704709451886E-7,5.255397032533793E-12,-7.080658755984526E-7,-1.3949430453387731E-6,-2.0477083347979765E-6,-2.6699718555543817E-6,-3.290461439708125E-6,2.527536050082587E-10,2.3705940536454857E-10,1.8974045757420066E-10,1.3129109922004368E-10,6.732179010587983E-11,1.9810967770658792E-11,-5.0168229080704915E-11,-9.568657422087221E-11,-1.4125959568649135E-10,-1.483951446745958E-10,-6.999927784693659E-11,-3.2903206523952968E-6,-2.6696838936199578E-6,-2.0474060768922815E-6,-1.39474114241458E-6,-7.079541798766535E-7,2.751454553984105E-11,7.080086383499956E-7,1.3947913833952285E-6,2.0474472651379697E-6,2.669677740094779E-6,3.2901568523207325E-6,-6.427900524008255E-6,-5.230973879526942E-6,-4.0219636685632105E-6,-2.7448939706347878E-6,-1.3948186965416736E-6,2.320998572572985E-11,1.394831477617949E-6,2.7449547991115606E-6,4.022000842519785E-6,5.230957946528625E-6,6.427465182624587E-6,-9.290439496520997E-6,-7.6044899321820775E-6,-5.874255404217539E-6,-4.022107264508328E-6,-2.0475801430050726E-6,1.8228705319608546E-11,2.0476102102307255E-6,4.022099742825737E-6,5.8742964767641035E-6,7.604432463451292E-6,9.29028073450404E-6,-1.1826454767154132E-5,-9.77354637563914E-6,-7.60468704443198E-6,-5.231303934410474E-6,-2.6699340833638978E-6,1.757301218838996E-11,2.669961667903049E-6,5.2312633203888975E-6,7.604637653522215E-6,9.773484030175962E-6,1.1826524270914627E-5,-1.41E-5,-1.1827030041988339E-5,-9.291088613436355E-6,-6.427932916459293E-6,-3.290537187175105E-6,9.235017933176933E-11,3.2906840352553147E-6,6.428045701444264E-6,9.290808083695296E-6,1.1826610189628827E-5,1.4099519569365472E-5
0.009490463235466021,2.5578446786154526E-10,4.133593460768237E-6,8.00777308470875E-6,1.1218421166579082E-5,1.3349582498082924E-5,1.4097020132383798E-5,1.3349423167027592E-5,1.1218286422822258E-5,8.008024700288756E-6,4.1335733520586405E-6,1.3038598528690543E-10,-4.133199227820285E-6,8.302607751173114E-11,3.7966742217778977E-6,6.8990471272203335E-6,8.94139150343027E-6,9.654896788954628E-6,8.941284661844794E-6,6.898902277191701E-6,3.796533911547222E-6,1.0700176176872021E-11,-4.133385086052934E-6,-8.007758932277545E-6,-3.796521769418439E-6,1.4253076670903445E-10,3.0697877541965206E-6,5.078855902189013E-6,5.778910034164057E-6,5.078794773122819E-6,3.0696928761445763E-6,4.853579680178788E-11,-3.7966389128754017E-6,-8.007891115883906E-6,-1.1218228119705603E-5,-6.898851985735586E-6,-3.0695857069615508E-6,4.9617991574984245E-11,2.0005203504132776E-6,2.6963442369181395E-6,2.0004576314305683E-6,6.622391052930162E-11,-3.069752654969176E-6,-6.89903859632751E-6,-1.1218471495672187E-5,-1.3349513459103235E-5,-8.941267663760383E-6,-5.078781196662487E-6,-2.000448743849207E-6,1.7964569938302317E-11,6.949801093742075E-7,-8.09112293895801E-11,-2.000561812659058E-6,-5.078887120952435E-6,-8.941457042009446E-6,-1.3349766315839498E-5,-1.4097018033253817E-5,-9.654890098892447E-6,-5.778948860794963E-6,-2.696352150756828E-6,-6.950593036897765E-7,-3.1580640646441206E-11,-6.950664987045628E-7,-2.696359679146456E-6,-5.778980673143794E-6,-9.65502109808418E-6,-1.4097250322830187E-5,-1.334955080360136E-5,-8.941368865826155E-6,-5.078929175256318E-6,-2.00055708331077E-6,-1.192513328702105E-10,6.949634719219342E-7,-5.964626040334558E-11,-2.000459481306262E-6,-5.0788608042698625E-6,-8.941411124491648E-6,-1.3349802425530646E-5,-1.1218468310455734E-5,-6.899042776219908E-6,-3.0699698949443444E-6,-4.843462193741133E-11,2.0004402554205213E-6,2.696315612129099E-6,2.000525888374836E-6,-1.277598149888107E-11,-3.0696429060626845E-6,-6.8989680721480145E-6,-1.121860326441063E-5,-8.008042452498031E-6,-3.796674073289534E-6,-1.5318591177398588E-10,3.0696980377778663E-6,5.0788367495866124E-6,5.778979670733931E-6,5.0789027464526444E-6,3.069921203871129E-6,2.7173823720913845E-11,-3.796625721981893E-6,-8.008013692997721E-6,-4.133706719396185E-6,-1.7380377929885348E-10,3.79644044069868E-6,6.898889331889734E-6,8.941418357569141E-6,9.65506474512815E-6,8.941524923217496E-6,6.8991738918113206E-6,3.7967913476221278E-6,7.196398808151736E-11,-4.133265090101147E-6,-3.2668499662218196E-10,4.133099417573528E-6,8.007764809267563E-6,1.1218519862105822E-5,1.3349860053630722E-5,1.4097401198945474E-5,1.3349928533253345E-5,1.1218679562369323E-5,8.008113334816648E-6,4.133589449437574E-6,2.6232750208601353E-10
0.01221554398213385,1.4099999999999999E-5,1.0780696043466367E-5,7.481887079131598E-6,4.5842097808067646E-6,2.5826829932290833E-6,1.8666475994614388E-6,2.5827971838776957E-6,4.5842970334901865E-6,7.481313526011862E-6,1.0780427647775846E-5,1.4099386872146022E-5,1.0780737737622421E-5,7.599205609559369E-6,4.487863523361811E-6,1.7862748458933416E-6,-6.802491970620602E-8,-7.293731269281486E-7,-6.797639536212414E-8,1.7862962586497447E-6,4.487817956911814E-6,7.599082123744767E-6,1.0780648100518738E-5,7.481587914476012E-6,4.487857551520794E-6,1.5135450115673311E-6,-1.0763439895473148E-6,-2.853369012626951E-6,-3.4869066436371874E-6,-2.8533574614505637E-6,-1.0763420007463655E-6,1.5135609350633499E-6,4.487954833885141E-6,7.481789805737313E-6,4.584175950716509E-6,1.7862927205944537E-6,-1.0763294925305675E-6,-3.5939044556345367E-6,-5.327119558623741E-6,-5.945516800196651E-6,-5.326998436136923E-6,-3.593722350053094E-6,-1.0762144236614443E-6,1.7864314547479484E-6,4.584457020993743E-6,2.582479706063877E-6,-6.806603721105308E-8,-2.8533558500984254E-6,-5.327068950690992E-6,-7.036428136792213E-6,-7.647061173956505E-6,-7.036437279655355E-6,-5.327079214023216E-6,-2.853314449462037E-6,-6.79183431735092E-8,2.5827520850222518E-6,1.8665300255119715E-6,-7.29434965606188E-7,-3.4868641946983456E-6,-5.945536668856535E-6,-7.647037593693202E-6,-8.255204527849919E-6,-7.646992441058688E-6,-5.945519402694713E-6,-3.4868431000009956E-6,-7.293188613653206E-7,1.8668174424080787E-6,2.5825772968358545E-6,-6.808077468952395E-8,-2.8533638282082856E-6,-5.327153740722875E-6,-7.036439978225854E-6,-7.64710756387445E-6,-7.036383783991117E-6,-5.327137432752602E-6,-2.85340480459775E-6,-6.800926166044186E-8,2.5826413145314088E-6,4.584200270580782E-6,1.786220807812787E-6,-1.0763930297279928E-6,-3.594003479008455E-6,-5.327102336959716E-6,-5.945532354242723E-6,-5.327149574898864E-6,-3.593918476490551E-6,-1.0763736879561604E-6,1.7862920799480307E-6,4.584238507242444E-6,7.481602783619837E-6,4.487830505638317E-6,1.5138030633599943E-6,-1.0762234183119866E-6,-2.8532914956222105E-6,-3.4868522212995573E-6,-2.853362159188407E-6,-1.0764314940320251E-6,1.5134059706529627E-6,4.487762980268999E-6,7.4816066609501606E-6,1.078057655765649E-5,7.599243616820947E-6,4.488016797603296E-6,1.7863475876651774E-6,-6.806137994765306E-8,-7.294636807619418E-7,-6.81194626929161E-8,1.7861732464109496E-6,4.487813699724526E-6,7.5991317705724E-6,1.078080770627318E-5,1.4099850001928142E-5,1.0781037342362555E-5,7.481910815106635E-6,4.584195461479905E-6,2.5824355803315947E-6,1.8664310814227268E-6,2.582461440260589E-6,4.584210988831263E-6,7.481610582359867E-6,1.0780661036265202E-5,1.4099537993466083E-5
0.016825987372990486,-1.4099999999999999E-5,-1.0226252674438091E-5,-5.820894898942937E-6,-1.203874839742105E-6,2.9300216418660217E-6,5.889339511119095E-6,7.228348759774768E-6,6.8736642638538494E-6,5.123465528898318E-6,2.512307053381849E-6,-4.1323741704113453E-7,-1.0391652409814033E-5,-7.164026749297263E-6,-3.77114473376916E-6,-3.8301613609410013E-7,2.51791843387433E-6,4.427740197784816E-6,5.022435583384828E-6,4.260842836360098E-6,2.380422462668554E-6,-2.0992849288653098E-7,-3.1164882164289826E-6,-6.13122849964553E-6,-3.917556058831223E-6,-1.6395158441408328E-6,5.433480533021786E-7,2.2788328197273157E-6,3.2075665387378885E-6,3.1046862155072382E-6,1.956132529077656E-6,-4.7969624267881136E-8,-2.6058211628511635E-6,-5.473298669918581E-6,-1.6097141579681176E-6,-6.340749145272634E-7,4.29390103179866E-7,1.4028946487655926E-6,2.03539036314529E-6,2.0900611929836326E-6,1.4250173560128272E-6,4.122815322834291E-8,-1.9275784703812373E-6,-4.2905830140280415E-6,-6.95609913623417E-6,2.510767432149336E-6,2.227253345804467E-6,2.1004865652856254E-6,1.9552615486301332E-6,1.6403656536098108E-6,1.0297470634884822E-6,4.7864645047967696E-8,-1.3081511343388452E-6,-2.976333627690508E-6,-4.883315171486767E-6,-7.068718965254744E-6,5.554528106238555E-6,4.175552064391466E-6,3.0248905753091995E-6,1.9710442330220365E-6,9.711504820992063E-7,-1.1153273898265396E-10,-9.71228999956328E-7,-1.97112024419361E-6,-3.0249337665604287E-6,-4.175491356062055E-6,-5.553981784624755E-6,7.069375402286004E-6,4.883600002088942E-6,2.9764531218021164E-6,1.3082558454403882E-6,-4.7907844798411236E-8,-1.0299751457852114E-6,-1.6406167510198745E-6,-1.955474443790408E-6,-2.100747777801639E-6,-2.2274945855938446E-6,-2.5110322653644306E-6,6.957257817094588E-6,4.290970494733069E-6,1.927984935905141E-6,-4.0902211176181545E-8,-1.4251186600481035E-6,-2.0901815399053596E-6,-2.035441398090641E-6,-1.4029755036906625E-6,-4.2962517519728195E-7,6.337021498584429E-7,1.6095894986256751E-6,5.47391381830425E-6,2.606133084015852E-6,4.820889439563727E-8,-1.9561902143001934E-6,-3.1046924537508203E-6,-3.207578031714528E-6,-2.2787729731524454E-6,-5.433959622605212E-7,1.6393894764154168E-6,3.917263714595236E-6,6.130317652219181E-6,3.116864711399696E-6,2.1001148817021065E-7,-2.3806250638518755E-6,-4.2611202007951405E-6,-5.022671190795022E-6,-4.42777148481074E-6,-2.517667518852006E-6,3.833461425407718E-7,3.7714489314820754E-6,7.163985660896649E-6,1.039156107205923E-5,4.131884957788742E-7,-2.5125159844864015E-6,-5.123853432483935E-6,-6.874646835370646E-6,-7.229036602161021E-6,-5.889972756535177E-6,-2.9296988929494577E-6,1.2050752854901137E-6,5.820650395597161E-6,1.0226485716968394E-5,1.4098005668989634E-5
0.01682629379612632,4.1356966991029385E-7,3.117192859272665E-6,5.474280930489635E-6,6.957134961369594E-6,7.0694163683410355E-6,5.555104828083487E-6,2.510117615111205E-6,-1.610404874245849E-6,-6.1308846063801055E-6,-1.0391760181045137E-5,-1.4099423418701517E-5,-2.512389500138635E-6,2.1017827303864816E-7,2.6064159519050065E-6,4.2913575271955425E-6,4.883954211108951E-6,4.17583352661156E-6,2.2273762174631242E-6,-6.34167391140732E-7,-3.917892422082602E-6,-7.164647631110332E-6,-1.0227732402751367E-5,-5.123909138531638E-6,-2.380636070619529E-6,4.831856569233815E-8,1.928141785245916E-6,2.9768873836971813E-6,3.025368109980494E-6,2.1008500193778543E-6,4.2942850360298716E-7,-1.6399575548574698E-6,-3.7721082596792343E-6,-5.821532796693911E-6,-6.874689629893121E-6,-4.261222096312649E-6,-1.956121623116346E-6,-4.083405930809609E-8,1.3085285215227759E-6,1.971501959556075E-6,1.955592940247263E-6,1.402919500190741E-6,5.430727321547351E-7,-3.8371276681544546E-7,-1.2053045972799359E-6,-7.2294450137840555E-6,-5.0229985595925415E-6,-3.1049244810727647E-6,-1.4251054276543497E-6,-4.776388543721601E-8,9.715817377950256E-7,1.6408135071354745E-6,2.0356574057350597E-6,2.278890553978647E-6,2.517657319691952E-6,2.929860745461603E-6,-5.89054168793116E-6,-4.4282504980687336E-6,-3.207944501957521E-6,-2.090307257324775E-6,-1.0298942287880482E-6,1.7937574016153917E-10,1.0301655109545294E-6,2.0903503385700244E-6,3.2078263991654134E-6,4.428028865201951E-6,5.890251908725175E-6,-2.9302913698752612E-6,-2.5182328432615224E-6,-2.2792401653182045E-6,-2.0358476205648067E-6,-1.6406811432479525E-6,-9.712325996146782E-7,4.817059107512312E-8,1.4253261308441959E-6,3.1051449579825083E-6,5.023079985270862E-6,7.229336402257254E-6,1.2047491537602769E-6,3.827926831746563E-7,-5.437927940599908E-7,-1.4032222539716678E-6,-1.9555796561976266E-6,-1.9712162748280148E-6,-1.3080334504712659E-6,4.13747292132261E-8,1.9565150883254194E-6,4.261575768789491E-6,6.875152932085708E-6,5.8201570683610905E-6,3.771239969585315E-6,1.6395466353614326E-6,-4.295827658082219E-7,-2.100754899387061E-6,-3.025180614699226E-6,-2.976548781729522E-6,-1.92774635035971E-6,-4.778605811052512E-8,2.381154690819064E-6,5.124435441359321E-6,1.0226518093206395E-5,7.1644205383691295E-6,3.917922360658001E-6,6.340426812567961E-7,-2.227653958967635E-6,-4.17605931371642E-6,-4.884001630493115E-6,-4.291219571287609E-6,-2.6061593576192044E-6,-2.097502128969908E-7,2.512924251030559E-6,1.4099999999999999E-5,1.0393127482357948E-5,6.132191876938892E-6,1.6098944554115516E-6,-2.5114121526950547E-6,-5.555379458618425E-6,-7.070164388506966E-6,-6.957364469782253E-6,-5.474154933720338E-6,-3.1167405767128256E-6,-4.129968789165539E-7
0.030269972755953285,1.3658001254222988E-5,3.408123111448213E-6,-5.15276152079819E-6,-8.95924036976763E-6,-6.668214533715186E-6,-1.5293847114684007E-7,6.3493005331178575E-6,8.597089934442593E-6,4.748220432828536E-6,-3.843121356452447E-6,-1.4096360800699327E-5,1.3627444366857697E-5,3.858000430396791E-6,-4.030845205842107E-6,-7.534128342700611E-6,-5.629353139463704E-6,-1.689663912110372E-8,5.583138775565577E-6,7.457277458268775E-6,3.921899891257777E-6,-3.981381959254267E-6,-1.3740600875279282E-5,1.2784993931461974E-5,3.4715022391784418E-6,-4.010341525986111E-6,-7.262959911851379E-6,-5.34939928220394E-6,9.143759010966862E-8,5.523571157705678E-6,7.41548759292609E-6,4.141719888531392E-6,-3.3436683243972446E-6,-1.262629056403961E-5,1.1311753267776971E-5,2.4848854311742367E-6,-4.616046563211323E-6,-7.569407798099852E-6,-5.449078530319876E-6,1.3406071472209434E-7,5.7123660807679035E-6,7.817767875797622E-6,4.851609529430917E-6,-2.245767609461875E-6,-1.103347639259757E-5,9.892537557504394E-6,1.462860630460582E-6,-5.335662094361811E-6,-8.031571678773881E-6,-5.6882687529692255E-6,9.46480059910288E-8,5.877510891404005E-6,8.212689224349112E-6,5.510123056079531E-6,-1.2855397414798078E-6,-9.689034327796366E-6,9.23557842924351E-6,9.70452268194893E-7,-5.709275904300383E-6,-8.304379632800414E-6,-5.870348114607907E-6,8.10203445158054E-10,5.873474321175723E-6,8.306151218312321E-6,5.709212656504034E-6,-9.732205058201136E-7,-9.241661342564994E-6,9.68345530958864E-6,1.2828066791734698E-6,-5.509807515701348E-6,-8.210639119493986E-6,-5.875267868150849E-6,-9.320038571959E-8,5.691119412185057E-6,8.03272928137536E-6,5.335593692848779E-6,-1.4647376265989063E-6,-9.896560230458835E-6,1.1029392838223457E-5,2.243884649989176E-6,-4.8508812319085485E-6,-7.816032758450559E-6,-5.7103889084028205E-6,-1.3329180742016706E-7,5.4491092393754205E-6,7.569611966887937E-6,4.615927913973687E-6,-2.4851352742722906E-6,-1.1312882588631248E-5,1.2624710985175761E-5,3.343177303538632E-6,-4.139370659375297E-6,-7.4139020989438014E-6,-5.523449992663706E-6,-9.255912390537971E-8,5.347638662357744E-6,7.2614219771215366E-6,4.010295295630683E-6,-3.469802260146943E-6,-1.2782443568930334E-5,1.3741327098424599E-5,3.983263462817573E-6,-3.919990031690597E-6,-7.4567702052320884E-6,-5.584472308565784E-6,1.3643648450416306E-8,5.625706697134009E-6,7.531609102191136E-6,4.030866421393558E-6,-3.854863512039694E-6,-1.3621822640951036E-5,1.4099999999999999E-5,3.84745090906886E-6,-4.744838407962826E-6,-8.598807318957709E-6,-6.352439752123417E-6,1.4641001481595303E-7,6.663627928190387E-6,8.9551274274674E-6,5.153254646699961E-6,-3.40451757589567E-6,-1.364853862199837E-5
0.030270295746375724,1.4096570323403298E-5,1.3739499471854787E-5,1.2625346071748148E-5,1.1031937988373391E-5,9.688311337957159E-6,9.240344614968141E-6,9.89657017531943E-6,1.1312651709064437E-5,1.278175062784545E-5,1.3621459805767751E-5,1.3648558452781882E-5,3.843314898413535E-6,3.981169273162551E-6,3.343218227519486E-6,2.2454719292226588E-6,1.2854494208253257E-6,9.731939714961376E-7,1.4650500842304772E-6,2.4854206681600883E-6,3.4699443134898876E-6,3.8549292109693725E-6,3.4042384885107717E-6,-4.747303348634509E-6,-3.921728603775894E-6,-4.140690032592421E-6,-4.851085530297968E-6,-5.509528291541766E-6,-5.708794699202239E-6,-5.3351359710922335E-6,-4.615492504676007E-6,-4.009629171096112E-6,-4.030350652851773E-6,-5.152851568779316E-6,-8.598205866148382E-6,-7.456436855474391E-6,-7.4143627966291225E-6,-7.816846447167407E-6,-8.211589439162467E-6,-8.305369548941952E-6,-8.032118183007385E-6,-7.569454373858641E-6,-7.261434492802184E-6,-7.531142008820158E-6,-8.954587997600074E-6,-6.349164128007575E-6,-5.5824905405669085E-6,-5.52281144578098E-6,-5.711312923175512E-6,-5.876518846989693E-6,-5.872219879612553E-6,-5.6895759079722215E-6,-5.449275901127695E-6,-5.347917893232932E-6,-5.6256779033674736E-6,-6.663184923471437E-6,1.5128350394418632E-7,1.6880625938201056E-8,-9.134591650225732E-8,-1.338939188019954E-7,-9.464989107836984E-8,-1.2141262413438656E-9,9.210985461908989E-8,1.324904287512034E-7,9.180477481199053E-8,-1.3999251154729154E-8,-1.463984262002013E-7,6.667767098303936E-6,5.6285485966576526E-6,5.348592255462714E-6,5.4486610648384045E-6,5.687446479634666E-6,5.868990990559689E-6,5.873944789431875E-6,5.7100467952918875E-6,5.522638165231043E-6,5.5841241246274976E-6,6.351644007615045E-6,8.9579120137241E-6,7.533157066648219E-6,7.262087571638078E-6,7.568722125233801E-6,8.031021234818078E-6,8.30386572461569E-6,8.21023386817501E-6,7.81595533591303E-6,7.414156903316008E-6,7.456540601691255E-6,8.59803140428437E-6,5.153114502901442E-6,4.030776751043518E-6,4.009440018695565E-6,4.615219637894423E-6,5.335243672348374E-6,5.709244979595463E-6,5.510014917853269E-6,4.851301663016906E-6,4.141172300756671E-6,3.921053564666465E-6,4.745395679803031E-6,-3.406669850199358E-6,-3.8571120410549265E-6,-3.471030316049532E-6,-2.4845291216754933E-6,-1.4626828692252987E-6,-9.701416276196956E-7,-1.282446619010638E-6,-2.2435342163449294E-6,-3.3432079133387033E-6,-3.982773864064532E-6,-3.847353964711315E-6,-1.3655539545915762E-5,-1.3626481875404326E-5,-1.2784667264510091E-5,-1.1311339755090443E-5,-9.892204560544396E-6,-9.235156891445264E-6,-9.68306592095678E-6,-1.1029208122852987E-5,-1.2624499387485798E-5,-1.374159960041276E-5,-1.4099898665066755E-5
0.030791636193043048,1.4099999999999999E-5,8.83212990666435E-6,2.195614259183604E-6,-4.7472656136353915E-6,-1.0038906353327386E-5,-1.2019124117773857E-5,-1.003836496852992E-5,-4.746318822561999E-6,2.190875494952388E-6,8.831415253527042E-6,1.409764340355955E-5,8.829810163387067E-6,5.372335594543734E-6,1.474561246804362E-6,-2.500801777947928E-6,-5.52548098974644E-6,-6.6573459771845515E-6,-5.525766652821279E-6,-2.5013222359565314E-6,1.4743708717588514E-6,5.373064089019386E-6,8.833431548201012E-6,2.1890006716022406E-6,1.4730358971770233E-6,5.925758086069102E-7,-3.929608169275374E-7,-1.190148582501676E-6,-1.4978264469386968E-6,-1.1912950509338131E-6,-3.9416846035249585E-7,5.923042180818912E-7,1.4747621327346295E-6,2.1935916546792273E-6,-4.75272039166623E-6,-2.5026459818465847E-6,-3.9325167412094676E-7,1.4564546486826408E-6,2.7351045048165263E-6,3.190737237973274E-6,2.73356089358253E-6,1.4547047366728237E-6,-3.939780566258036E-7,-2.501502673265144E-6,-4.7470170516699045E-6,-1.004432326341642E-5,-5.52659648098172E-6,-1.189510366902117E-6,2.735930720253134E-6,5.521387019127691E-6,6.529849549630133E-6,5.5195951358032755E-6,2.7336962957946867E-6,-1.191143501564933E-6,-5.5262291497751905E-6,-1.004096442883455E-5,-1.20223741781028E-5,-6.65747057047936E-6,-1.495710039614069E-6,3.193492754206562E-6,6.531555867158422E-6,7.742461920119062E-6,6.529540201224329E-6,3.1908064890877566E-6,-1.497747602418483E-6,-6.657767534652059E-6,-1.2019579462152574E-5,-1.0041574279329133E-5,-5.525000376495617E-6,-1.1877243158372545E-6,2.7376244638772887E-6,5.523011139955774E-6,6.531549187425365E-6,5.520735143211425E-6,2.7347750441963687E-6,-1.1903079072291023E-6,-5.5255193981184425E-6,-1.0040319477552166E-5,-4.748160089527008E-6,-2.500824244398255E-6,-3.911552706298024E-7,1.459857941411256E-6,2.737806953000895E-6,3.193323223315483E-6,2.736331829453039E-6,1.4567016444124472E-6,-3.928475572219354E-7,-2.5006645636825056E-6,-4.7468759885022185E-6,2.189357536980985E-6,1.473746856931139E-6,5.942531344008934E-7,-3.9070592732961634E-7,-1.1876478378695169E-6,-1.4958854140892775E-6,-1.189517233062017E-6,-3.9319438920164924E-7,5.92641366859595E-7,1.4747845006908934E-6,2.1922421218539856E-6,8.826186666000966E-6,5.370732124802019E-6,1.4746409404349994E-6,-2.5003830158661417E-6,-5.525404444129794E-6,-6.65816647940094E-6,-5.527018824747462E-6,-2.5026641515973715E-6,1.473462331399515E-6,5.372600607320194E-6,8.833212625981255E-6,1.4091467104739576E-5,8.82969471797297E-6,2.1913258518301236E-6,-4.7501994393742726E-6,-1.0043861060634373E-5,-1.20239378169555E-5,-1.0044504272019089E-5,-4.750203643678885E-6,2.190024351340612E-6,8.830217870200329E-6,1.4095148474392658E-5
0.033438093566211684,1.0001213419078623E-9,7.527100430821954E-6,1.2967523040828776E-5,1.3693292750907365E-5,8.762108167713148E-6,1.9033126085982824E-9,-8.76481128941779E-6,-1.369369510866979E-5,-1.2969204692563647E-5,-7.527255017663323E-6,-5.291454936818042E-10,-7.525571426050708E-6,5.030319971746494E-10,5.653328391342439E-6,7.6290467224596695E-6,5.276153991751047E-6,-4.935724206011242E-10,-5.2769945390271544E-6,-7.629342035378085E-6,-5.652558192818613E-6,-4.530328976228822E-10,7.5257041580460615E-6,-1.2967556749142499E-5,-5.65237700973202E-6,3.6524967929912266E-10,2.8880977936883666E-6,2.5404812018845387E-6,3.6035786485784403E-10,-2.5399117862263524E-6,-2.8874930705975563E-6,-4.92990844238004E-11,5.652885802845377E-6,1.2966516440649596E-5,-1.3693598669563622E-5,-7.628841416676279E-6,-2.8878682991503024E-6,-1.5332489897716665E-11,7.338526009901785E-7,4.70875246905681E-10,-7.33098221010446E-7,5.246397690757379E-10,2.8882177084580614E-6,7.629084648718295E-6,1.3693431329054373E-5,-8.763172033861375E-6,-5.276883854230951E-6,-2.540929044432949E-6,-7.345210159134524E-7,-1.6926498823505927E-10,5.420967174173692E-10,8.405757516384127E-10,7.343788203236253E-7,2.540982280089819E-6,5.2768304075338865E-6,8.763499596702582E-6,6.909839371241119E-10,-6.125519786930148E-10,-9.79331551373392E-10,-1.13613529235333E-9,-7.00529537722093E-10,1.5193626246986164E-10,6.513495077249054E-10,6.480060417078318E-10,8.003070435168646E-10,1.9954880099003935E-10,-3.8389479046949834E-11,8.764164568222234E-6,5.275932215073898E-6,2.5391402890622195E-6,7.327240764416154E-7,-9.474739413439743E-10,-5.99598823556928E-10,4.2194184727061615E-11,-7.336139762580226E-7,-2.5398371976441215E-6,-5.276382946110673E-6,-8.762879890755666E-6,1.3696029495743012E-5,7.62872520357638E-6,2.8874951551437476E-6,-4.792780506390493E-10,-7.349277628337946E-7,-9.893726009166783E-10,7.327638568977301E-7,-4.0714269879947135E-10,-2.887889517977076E-6,-7.629222074382197E-6,-1.3694912671569104E-5,1.2967994301027028E-5,5.653507989382161E-6,2.8932762003238104E-10,-2.8884989611541286E-6,-2.5409793643992464E-6,-5.429731960030365E-10,2.539857938643958E-6,2.8874185967467356E-6,-5.55781805265124E-10,-5.653658956166343E-6,-1.2969582394507909E-5,7.5278216488205E-6,7.159789189906641E-10,-5.652484907272543E-6,-7.629384543671707E-6,-5.276643828399226E-6,9.219487266529483E-11,5.276959474505198E-6,7.629551118750053E-6,5.653355767642153E-6,-6.299260778385358E-10,-7.528107424184511E-6,6.066670406988468E-10,-7.526362894165633E-6,-1.2968550503538522E-5,-1.3694496919148189E-5,-8.762640166121592E-6,2.0953267248978935E-9,8.766063821742264E-6,1.3695634313263651E-5,1.296788483477005E-5,7.525570067408146E-6,-1.5821595280303734E-9
0.038118703931195014,1.4099999999999999E-5,8.13820015439595E-6,2.167914573625085E-6,-1.7136612517547927E-6,-2.1517747354060945E-6,-7.315533660842034E-10,2.151208117916866E-6,1.7119900689315656E-6,-2.1649416751215766E-6,-8.137999025131894E-6,-1.4097991570499006E-5,8.137454075717282E-6,3.423756916784629E-6,-8.697099090656704E-7,-3.2025443021399597E-6,-2.655476593362949E-6,4.055027254738051E-10,2.656101685154952E-6,3.2028210213108712E-6,8.695794925251964E-7,-3.4240965253272626E-6,-8.139129652725174E-6,2.1647117799706128E-6,-8.701142832612099E-7,-3.6020195335174605E-6,-4.602251974108227E-6,-3.1725424875213587E-6,5.237298941542941E-10,3.1735147071774655E-6,4.602850009148373E-6,3.6020992710123555E-6,8.692151049467953E-7,-2.167050305340969E-6,-1.7151998559766052E-6,-3.20309026432853E-6,-4.602497563845705E-6,-4.700004281174575E-6,-2.990528313560816E-6,1.9381401319502844E-10,2.99136817419057E-6,4.700300937845408E-6,4.602415690005052E-6,3.2026457165791874E-6,1.7132913360333944E-6,-2.1527657063381502E-6,-2.6560411045347028E-6,-3.172739268024895E-6,-2.9907455344580756E-6,-1.8375794209949203E-6,-3.0921273137572344E-10,1.8374817872555004E-6,2.9905940008394995E-6,3.1730568711808357E-6,2.6561920527560053E-6,2.153790282580141E-6,-1.1579324667398307E-10,-5.426996749169948E-11,3.6793278266173504E-10,5.588316661162607E-10,3.8289228508494747E-10,-5.44817270702002E-10,-3.921640803363148E-10,-5.554522546237991E-10,-6.314547450579605E-11,5.030504071195471E-10,2.3214751457493494E-9,2.151812721818706E-6,2.655881604913497E-6,3.1731705608512197E-6,2.991619312848797E-6,1.8380856223087926E-6,-7.934896126077186E-10,-1.8393183856004521E-6,-2.9922098301060614E-6,-3.1732471877810297E-6,-2.6553450450311154E-6,-2.149907913194904E-6,1.7124177584106957E-6,3.203076626989917E-6,4.602761451511334E-6,4.700124394014508E-6,2.9911545431214224E-6,-5.843122373073826E-10,-2.991375499879032E-6,-4.7010539463979685E-6,-4.603073700225891E-6,-3.2025699803086054E-6,-1.7119632397526434E-6,-2.1663898720459797E-6,8.70238767941903E-7,3.6016614729435377E-6,4.602525435239921E-6,3.173016206344164E-6,-2.0107057254168407E-11,-3.1731203739373655E-6,-4.602739765494773E-6,-3.602986119089413E-6,-8.702982466616138E-7,2.165589418651773E-6,-8.137278550128837E-6,-3.4238801177073302E-6,8.694499595685244E-7,3.2031388114359536E-6,2.656381974189284E-6,7.377822677415678E-10,-2.6554059159637206E-6,-3.2027736386795694E-6,-8.700411475973322E-7,3.4232169055131503E-6,8.138246343593567E-6,-1.4098555336151452E-5,-8.139589562131412E-6,-2.1668174695219467E-6,1.7140841008016116E-6,2.1528370003807992E-6,6.4515858459971E-10,-2.1516308361785714E-6,-1.7123182789597283E-6,2.1664150572696347E-6,8.137735771620189E-6,1.4095822181628621E-5
0.05109970081185612,-1.4099999999999999E-5,-6.049703449028289E-6,3.2787015711194015E-6,1.0198322153120767E-5,1.1210654855017766E-5,6.2287533412773216E-6,-1.271702879088284E-6,-6.5324786877341565E-6,-6.710245714196007E-6,-2.4666145074044638E-6,3.310190335485106E-6,-7.982896503313638E-6,-3.348962848328808E-6,1.3629384011494575E-6,4.643949938599218E-6,4.8478934879160835E-6,2.036816939638137E-6,-1.793660423014705E-6,-3.981964511684668E-6,-2.9715328565480392E-6,7.863910822398023E-7,5.762060959043235E-6,3.298584731330184E-7,4.3133593341415833E-8,-1.4208154558338675E-7,-3.656041425940847E-7,-8.422782430434837E-7,-1.5413334549182254E-6,-2.0085458022859366E-6,-1.5976176156108198E-6,3.4002538644183454E-8,2.6425164859187284E-6,5.858975092433511E-6,8.141224649069879E-6,3.205263262911673E-6,-1.2039472565695082E-6,-4.134839150132281E-6,-4.757577351823069E-6,-3.3339676480447023E-6,-1.0089845277356785E-6,9.720369034542635E-7,1.96799765323993E-6,2.137954589010912E-6,2.22570562315638E-6,1.189060442357843E-5,4.522245258437763E-6,-1.9400771259480647E-6,-5.81574622509872E-6,-5.789616440202586E-6,-2.5899284187414866E-6,1.3618328970286846E-6,3.494925887994544E-6,2.6630658151946356E-6,-4.08248347211948E-7,-4.157471942937271E-6,1.0050449826305043E-5,3.289193966545543E-6,-2.4871490517003866E-6,-5.380865609050028E-6,-4.178735894623015E-6,-3.15494931233875E-10,4.179075692349327E-6,5.380988867365135E-6,2.4876160060452933E-6,-3.289157912645423E-6,-1.0050028880759235E-5,4.156530255660548E-6,4.0907098280881843E-7,-2.6613416288747238E-6,-3.4933639907690944E-6,-1.3610323277601704E-6,2.5890277436957144E-6,5.788830430306953E-6,5.814130941711316E-6,1.938584311856683E-6,-4.523128609596043E-6,-1.1889703920505148E-5,-2.2282484292703394E-6,-2.1370384387801605E-6,-1.966211268484342E-6,-9.712908399817157E-7,1.0110350382729883E-6,3.3340540218735827E-6,4.7569733892516995E-6,4.133849993024424E-6,1.2023209784623385E-6,-3.206476048744204E-6,-8.138550625858374E-6,-5.860105000611261E-6,-2.642541787501218E-6,-3.304552647871767E-8,1.5995796889068569E-6,2.0094333974820487E-6,1.5414983331951015E-6,8.420215088720123E-7,3.6499259981314093E-7,1.4078167709580275E-7,-4.363405008522504E-8,-3.306025798335025E-7,-5.763799637407031E-6,-7.875039657394822E-7,2.9722083932123193E-6,3.982879294261223E-6,1.7935966263099536E-6,-2.0374367943825404E-6,-4.848201775575177E-6,-4.644014169179871E-6,-1.362551818957623E-6,3.3494997480418877E-6,7.986773201959588E-6,-3.312328893958626E-6,2.465174806951991E-6,6.708986742661868E-6,6.533791695191328E-6,1.2684449790581994E-6,-6.229517026916824E-6,-1.1214145273281953E-5,-1.0195338261907091E-5,-3.2800845056001073E-6,6.052395347650286E-6,1.4094091304278727E-5
0.05110106762653724,3.3133625569725997E-6,5.763938985944052E-6,5.862110634646574E-6,2.2245765950131122E-6,-4.159204253708218E-6,-1.0051652129499563E-5,-1.1890180490685118E-5,-8.13729222175319E-6,-3.314861250523698E-7,7.985922183771361E-6,1.4099664035971819E-5,-2.466207257149344E-6,7.873034955259541E-7,2.642970190267538E-6,2.137858614162757E-6,-4.093688660080036E-7,-3.290213999630839E-6,-4.524071676782359E-6,-3.2067608394122936E-6,-4.2967969454617556E-8,3.350799420864285E-6,6.055741350218895E-6,-6.71029763273856E-6,-2.972420764867032E-6,3.3771262075243064E-8,1.9683818318105685E-6,2.6633874703513733E-6,2.4880586417525313E-6,1.9391508606162195E-6,1.2025329114396742E-6,1.4097323208942095E-7,-1.3619495797537486E-6,-3.279507336063812E-6,-6.5352256021962084E-6,-3.982609896826425E-6,-1.5983676890978105E-6,9.727211676058857E-7,3.4958236184904795E-6,5.382950008940701E-6,5.816492471175517E-6,4.13500420051985E-6,3.648588025549084E-7,-4.6452377501971375E-6,-1.0198081528346069E-5,-1.2703645153581434E-6,-1.7941973926904788E-6,-2.0093284546563447E-6,-1.0097809121898576E-6,1.3618572826560764E-6,4.180385795571007E-6,5.7906892973986755E-6,4.757806198182885E-6,8.410743119225073E-7,-4.8502964364936865E-6,-1.1216475288990576E-5,6.22823426100434E-6,2.0370384089010285E-6,-1.541990806045088E-6,-3.3348144268440364E-6,-2.5906234072337317E-6,-2.584232056874549E-10,2.591369816921169E-6,3.335043870022805E-6,1.5410208588056791E-6,-2.038720964134679E-6,-6.2296091534967205E-6,1.1214085193161334E-5,4.848473163223101E-6,-8.427936694863269E-7,-4.75781422364087E-6,-5.790406076264318E-6,-4.179370776042243E-6,-1.3598595104830307E-6,1.0104647596496392E-6,2.009352150904847E-6,1.7935668500151019E-6,1.269065211729999E-6,1.01993160354109E-5,4.645110316895129E-6,-3.6489793527266993E-7,-4.136387661058089E-6,-5.816742057072124E-6,-5.382309927017148E-6,-3.494345361804849E-6,-9.709948320284847E-7,1.5992095680980437E-6,3.983747010487694E-6,6.536613018337121E-6,3.282972157910588E-6,1.363817860740475E-6,-1.416145359566289E-7,-1.2035299904140858E-6,-1.940536170295484E-6,-2.4881669665202984E-6,-2.663098557335123E-6,-1.9675019238575024E-6,-3.287244266529762E-8,2.97430520322422E-6,6.713502213636706E-6,-6.04962652857261E-6,-3.3500744439277637E-6,4.228615479391193E-8,3.206780398715443E-6,4.5245682943790585E-6,3.2906394428222187E-6,4.084906425128924E-7,-2.1392671554258267E-6,-2.644144032113666E-6,-7.86797645829396E-7,2.4688326953866486E-6,-1.4099999999999999E-5,-7.990050160254934E-6,3.2676544018282183E-7,8.143300147363615E-6,1.1896490556317628E-5,1.0055120858390115E-5,4.157634531892567E-6,-2.2292988373810012E-6,-5.863652901528331E-6,-5.764805492834327E-6,-3.3096203579490205E-6
0.05753561956977213,-5.571120463448452E-10,9.488444505228362E-6,1.4085875563797125E-5,1.0521684779314602E-5,2.712162029110264E-6,-1.263627566073399E-6,2.7103526071838807E-6,1.051574020902681E-5,1.408187042831306E-5,9.488154622715064E-6,2.4338770965253614E-9,-9.48804792384625E-6,-1.1394174655426856E-10,4.7965750466953415E-6,2.640443559373753E-6,-3.2224042508083327E-6,-6.278062391064924E-6,-3.2220560548876927E-6,2.6399256871940976E-6,4.794882974071951E-6,9.612805106758727E-10,-9.48441101678618E-6,-1.4083742092077359E-5,-4.79653030406479E-6,-6.98378716665756E-10,-1.5436349179711674E-6,-6.556728150556199E-6,-9.215849025805533E-6,-6.55576054486757E-6,-1.542204792755917E-6,3.4243785295723195E-10,-4.795516832095705E-6,-1.4081287932457356E-5,-1.051834135911084E-5,-2.641130795736602E-6,1.5402419145708903E-6,-1.5642184774894984E-9,-4.717987522906302E-6,-7.210999293874554E-6,-4.715548654246719E-6,-1.276866252029972E-9,1.5424250368946438E-6,-2.6401068622777362E-6,-1.0519853656626738E-5,-2.705815372349852E-6,3.2222937843273392E-6,6.55456801061551E-6,4.715779076123013E-6,-2.553022860192125E-10,-2.4519920906132344E-6,2.9260573581939284E-9,4.718630376781319E-6,6.555668308820222E-6,3.2218050115535287E-6,-2.7113294184118786E-6,1.2667596328107539E-6,6.278748655863366E-6,9.215309119108214E-6,7.2111973401980945E-6,2.4553250036377377E-6,1.4388312244527785E-9,2.4553040719956314E-6,7.210662784084949E-6,9.214528971258045E-6,6.277125145713262E-6,1.2622362497983265E-6,-2.7075855681157355E-6,3.2234625877889198E-6,6.555960726143465E-6,4.717294038386388E-6,3.143975009843218E-9,-2.4521915962948873E-6,8.766575055019519E-10,4.714401690585275E-6,6.5546039259314115E-6,3.222458477058999E-6,-2.7045274479346206E-6,-1.0516072547114772E-5,-2.639719549648966E-6,1.5422163544553618E-6,-1.8010332074254228E-9,-4.716662058180262E-6,-7.210325734464652E-6,-4.718957680708546E-6,-2.3226888203585217E-9,1.5395373103694087E-6,-2.6390622988488156E-6,-1.0511283609196608E-5,-1.4079624590616168E-5,-4.797362711098441E-6,-3.890595849544097E-9,-1.5444158249461225E-6,-6.555019802722152E-6,-9.21419259389413E-6,-6.556392626069158E-6,-1.5473240109747217E-6,-3.074381741621339E-9,-4.794498234529506E-6,-1.407714494522552E-5,-9.483306505508984E-6,-1.0989986717684022E-9,4.791839265847949E-6,2.6385920995578003E-6,-3.2207794110050353E-6,-6.274836675060814E-6,-3.2213089905344466E-6,2.637509227960416E-6,4.793119105842535E-6,-2.9396225750545227E-10,-9.483273076477254E-6,7.990046817158448E-9,9.48887262735247E-6,1.4081494812311972E-5,1.051645694625088E-5,2.7109157929209644E-6,-1.2577486974167626E-6,2.715433647074825E-6,1.0520189309574794E-5,1.4079780452573585E-5,9.483813866350805E-6,7.756362157178792E-10
0.0607635558230221,1.4099999999999999E-5,6.639515496666819E-6,1.872637156766827E-6,3.4073354122402915E-6,8.941987668359104E-6,1.1950623933012251E-5,8.941121557202664E-6,3.4101846903391386E-6,1.8722246013721097E-6,6.6399363610295265E-6,1.4097614476461829E-5,6.64864132409912E-6,-7.4227033020961835E-9,-4.260668276156521E-6,-3.0631559943371754E-6,1.5450354592442837E-6,4.056550927626738E-6,1.5437192455767854E-6,-3.0639142453972037E-6,-4.260483963281297E-6,-7.643968124833646E-9,6.647561101220824E-6,1.8852031650387138E-6,-4.2558864436476315E-6,-8.279172294611888E-6,-6.981909731540454E-6,-2.407986278191469E-6,6.444443666832145E-8,-2.408840591136455E-6,-6.9824199716422915E-6,-8.278994135139001E-6,-4.255990142009903E-6,1.8847018075730945E-6,3.416187421897365E-6,-3.061690393481158E-6,-6.984067534746797E-6,-5.388883950684713E-6,-5.365374929798227E-7,2.044601347459049E-6,-5.383583113811265E-7,-5.3904803441696685E-6,-6.98286945264857E-6,-3.061031640828417E-6,3.4149350563553187E-6,8.942827712360574E-6,1.5405613989327193E-6,-2.4136351428001123E-6,-5.411306373725522E-7,4.612874133429455E-6,7.319449732668457E-6,4.613870923672041E-6,-5.390975817388399E-7,-2.412163037787379E-6,1.5411473397335577E-6,8.939565234050815E-6,1.1946263724893517E-5,4.050746680621539E-6,5.817991007279244E-8,2.0400868016462993E-6,7.3166784887951866E-6,1.0075480884970507E-5,7.316441975836059E-6,2.041017457966309E-6,5.8675930906732914E-8,4.05032281447937E-6,1.1944703094798178E-5,8.939210498658052E-6,1.5421609793069445E-6,-2.4097185452567728E-6,-5.37883925993959E-7,4.6122948534690205E-6,7.318698983252875E-6,4.611442040267873E-6,-5.381122698141936E-7,-2.4102576421599976E-6,1.5408929339941353E-6,8.940527493215334E-6,3.41346382448227E-6,-3.0599897512564017E-6,-6.977286285645627E-6,-5.384842313365264E-6,-5.390788924782174E-7,2.040856119251937E-6,-5.37064889580619E-7,-5.386165307010366E-6,-6.980053917983523E-6,-3.0615281366303584E-6,3.4135736812802755E-6,1.8800576604841816E-6,-4.2568875539651135E-6,-8.274612682846886E-6,-6.980245138212248E-6,-2.412410035182912E-6,5.812674725397492E-8,-2.410571881907986E-6,-6.977375065751333E-6,-8.275713119737221E-6,-4.257309852885892E-6,1.8775777681734095E-6,6.6383960091930745E-6,-7.87839742949912E-9,-4.255928027668202E-6,-3.062281391601484E-6,1.5401306845430856E-6,4.049767036753467E-6,1.5414605758827587E-6,-3.06006275365122E-6,-4.256014189670845E-6,-8.973000634756289E-9,6.638959906862446E-6,1.4089124143676232E-5,6.640520055104856E-6,1.8799331501667725E-6,3.4142971316719033E-6,8.941377099287902E-6,1.194505584967693E-5,8.938473214720174E-6,3.4124483985971232E-6,1.8799742207645246E-6,6.640990795756474E-6,1.4088283965965779E-5
